trace1;I x;I y
trace1;524.0;6.261491684321042
trace1;801.0;6.68586094706836
trace1;6.0;1.791759469228055
trace1;423.0;6.0473721790462776
trace1;721.0;6.580639137284949
trace1;343.0;5.8377304471659395
trace1;983.0;6.890609120147166
trace1;64.0;4.1588830833596715
trace1;733.0;6.597145701886651
trace1;598.0;6.393590753950631
