trace1;I x;I y
trace1;557.0;6.322565239927284
trace1;657.0;6.48768401848461
trace1;560.0;6.327936783729195
trace1;230.0;5.438079308923196
trace1;301.0;5.707110264748875
trace1;155.0;5.043425116919247
trace1;899.0;6.80128303447162
trace1;665.0;6.499787040655854
trace1;189.0;5.241747015059643
trace1;92.0;4.5217885770490405
